﻿<?xml version="1.0" encoding="utf-8"?>
<tags>
  <row Id="1" TagName="definitions" Count="32" ExcerptPostId="105" WikiPostId="104" />
  <row Id="2" TagName="machine-learning" Count="8724" ExcerptPostId="4909" WikiPostId="4908" />
  <row Id="3" TagName="bigdata" Count="437" ExcerptPostId="66" WikiPostId="65" />
  <row Id="5" TagName="data-mining" Count="1032" ExcerptPostId="80" WikiPostId="79" />
  <row Id="6" TagName="databases" Count="81" ExcerptPostId="8960" WikiPostId="8959" />
  <row Id="8" TagName="libsvm" Count="13" ExcerptPostId="18" WikiPostId="17" />
  <row Id="10" TagName="scalability" Count="31" />
  <row Id="11" TagName="efficiency" Count="33" ExcerptPostId="142" WikiPostId="141" />
  <row Id="12" TagName="performance" Count="144" />
  <row Id="13" TagName="nosql" Count="20" ExcerptPostId="119" WikiPostId="118" />
  <row Id="14" TagName="relational-dbms" Count="6" />
  <row Id="15" TagName="clustering" Count="1092" ExcerptPostId="145" WikiPostId="144" />
  <row Id="16" TagName="octave" Count="16" ExcerptPostId="68" WikiPostId="67" />
  <row Id="17" TagName="k-means" Count="361" ExcerptPostId="8958" WikiPostId="8957" />
  <row Id="19" TagName="algorithms" Count="349" ExcerptPostId="8932" WikiPostId="8931" />
  <row Id="21" TagName="tools" Count="64" />
  <row Id="22" TagName="processing" Count="15" />
  <row Id="23" TagName="apache-hadoop" Count="115" ExcerptPostId="5840" WikiPostId="5839" />
  <row Id="24" TagName="r" Count="1261" ExcerptPostId="49" WikiPostId="48" />
  <row Id="26" TagName="data-cleaning" Count="558" ExcerptPostId="8940" WikiPostId="8939" />
  <row Id="27" TagName="statistics" Count="859" ExcerptPostId="3790" WikiPostId="3789" />
  <row Id="29" TagName="distributed" Count="37" />
  <row Id="31" TagName="neo4j" Count="12" ExcerptPostId="181" WikiPostId="180" />
  <row Id="35" TagName="information-retrieval" Count="113" ExcerptPostId="48747" WikiPostId="48746" />
  <row Id="36" TagName="google" Count="42" ExcerptPostId="80788" WikiPostId="80787" />
  <row Id="37" TagName="search" Count="47" />
  <row Id="39" TagName="education" Count="34" ExcerptPostId="8276" WikiPostId="8275" />
  <row Id="40" TagName="open-source" Count="17" />
  <row Id="42" TagName="similarity" Count="224" />
  <row Id="43" TagName="data-stream-mining" Count="15" ExcerptPostId="109" WikiPostId="108" />
  <row Id="45" TagName="dimensionality-reduction" Count="223" ExcerptPostId="8975" WikiPostId="8974" />
  <row Id="46" TagName="python" Count="5082" ExcerptPostId="5523" WikiPostId="5522" />
  <row Id="47" TagName="nlp" Count="1627" ExcerptPostId="147" WikiPostId="146" />
  <row Id="48" TagName="language-model" Count="71" ExcerptPostId="88032" WikiPostId="88031" />
  <row Id="50" TagName="topic-model" Count="103" ExcerptPostId="8400" WikiPostId="8399" />
  <row Id="51" TagName="lda" Count="100" ExcerptPostId="6763" WikiPostId="6762" />
  <row Id="54" TagName="feature-selection" Count="727" ExcerptPostId="8936" WikiPostId="8935" />
  <row Id="55" TagName="map-reduce" Count="26" ExcerptPostId="137" WikiPostId="136" />
  <row Id="56" TagName="mongodb" Count="14" ExcerptPostId="178" WikiPostId="177" />
  <row Id="59" TagName="indexing" Count="14" ExcerptPostId="152" WikiPostId="151" />
  <row Id="60" TagName="data-indexing-techniques" Count="7" ExcerptPostId="149" WikiPostId="148" />
  <row Id="61" TagName="dataset" Count="1133" ExcerptPostId="8889" WikiPostId="8888" />
  <row Id="62" TagName=".net" Count="7" ExcerptPostId="168" WikiPostId="167" />
  <row Id="64" TagName="pandas" Count="1005" ExcerptPostId="9185" WikiPostId="9184" />
  <row Id="65" TagName="parallel" Count="36" />
  <row Id="66" TagName="metadata" Count="13" />
  <row Id="67" TagName="parsing" Count="26" />
  <row Id="71" TagName="social-network-analysis" Count="84" ExcerptPostId="8973" WikiPostId="8972" />
  <row Id="72" TagName="time-series" Count="1314" ExcerptPostId="8904" WikiPostId="8903" />
  <row Id="73" TagName="javascript" Count="29" />
  <row Id="74" TagName="visualization" Count="555" ExcerptPostId="8952" WikiPostId="8951" />
  <row Id="76" TagName="svm" Count="469" ExcerptPostId="8574" WikiPostId="8573" />
  <row Id="77" TagName="classification" Count="2488" ExcerptPostId="4911" WikiPostId="4910" />
  <row Id="78" TagName="binary" Count="83" />
  <row Id="80" TagName="optimization" Count="365" ExcerptPostId="8954" WikiPostId="8953" />
  <row Id="81" TagName="neural-network" Count="3615" ExcerptPostId="8885" WikiPostId="8884" />
  <row Id="82" TagName="usecase" Count="7" />
  <row Id="83" TagName="consumerweb" Count="6" />
  <row Id="84" TagName="parameter" Count="38" />
  <row Id="86" TagName="clusters" Count="44" />
  <row Id="87" TagName="aws" Count="41" ExcerptPostId="88105" WikiPostId="88104" />
  <row Id="90" TagName="text-mining" Count="524" ExcerptPostId="8900" WikiPostId="8899" />
  <row Id="94" TagName="freebase" Count="3" ExcerptPostId="48674" WikiPostId="48673" />
  <row Id="95" TagName="knowledge-base" Count="20" />
  <row Id="100" TagName="confusion-matrix" Count="123" ExcerptPostId="9043" WikiPostId="9042" />
  <row Id="101" TagName="accuracy" Count="270" />
  <row Id="102" TagName="categorical-data" Count="303" ExcerptPostId="8977" WikiPostId="8976" />
  <row Id="104" TagName="data-formats" Count="34" />
  <row Id="105" TagName="hierarchical-data-format" Count="23" />
  <row Id="108" TagName="sql" Count="79" ExcerptPostId="8990" WikiPostId="8989" />
  <row Id="109" TagName="research" Count="44" />
  <row Id="110" TagName="experiments" Count="32" ExcerptPostId="39144" WikiPostId="39143" />
  <row Id="113" TagName="random-forest" Count="644" ExcerptPostId="8938" WikiPostId="8937" />
  <row Id="114" TagName="logistic-regression" Count="508" ExcerptPostId="8934" WikiPostId="8933" />
  <row Id="115" TagName="evaluation" Count="218" ExcerptPostId="43584" WikiPostId="43583" />
  <row Id="116" TagName="crawling" Count="10" />
  <row Id="119" TagName="anonymization" Count="10" />
  <row Id="120" TagName="beginner" Count="133" ExcerptPostId="10335" WikiPostId="10334" />
  <row Id="123" TagName="graphs" Count="170" ExcerptPostId="89838" WikiPostId="89837" />
  <row Id="124" TagName="cross-validation" Count="487" ExcerptPostId="8988" WikiPostId="8987" />
  <row Id="126" TagName="sampling" Count="150" />
  <row Id="128" TagName="scikit-learn" Count="1771" ExcerptPostId="5896" WikiPostId="5895" />
  <row Id="129" TagName="kaggle" Count="96" ExcerptPostId="48600" WikiPostId="48599" />
  <row Id="135" TagName="gradient-descent" Count="369" ExcerptPostId="48491" WikiPostId="48490" />
  <row Id="136" TagName="feature-extraction" Count="325" ExcerptPostId="10019" WikiPostId="10018" />
  <row Id="138" TagName="state-of-the-art" Count="7" />
  <row Id="139" TagName="career" Count="53" />
  <row Id="143" TagName="genetic" Count="6" />
  <row Id="144" TagName="correlation" Count="298" ExcerptPostId="8969" WikiPostId="8968" />
  <row Id="146" TagName="error-handling" Count="42" />
  <row Id="147" TagName="apache-pig" Count="7" ExcerptPostId="22402" WikiPostId="22401" />
  <row Id="156" TagName="glm" Count="25" />
  <row Id="157" TagName="regression" Count="1188" ExcerptPostId="8906" WikiPostId="8905" />
  <row Id="158" TagName="scala" Count="42" ExcerptPostId="49016" WikiPostId="49015" />
  <row Id="159" TagName="csv" Count="78" ExcerptPostId="8992" WikiPostId="8991" />
  <row Id="160" TagName="online-learning" Count="46" ExcerptPostId="88152" WikiPostId="88151" />
  <row Id="164" TagName="gbm" Count="57" ExcerptPostId="9096" WikiPostId="9095" />
  <row Id="167" TagName="marketing" Count="27" />
  <row Id="168" TagName="predictive-modeling" Count="963" ExcerptPostId="8902" WikiPostId="8901" />
  <row Id="175" TagName="library" Count="12" />
  <row Id="179" TagName="java" Count="51" ExcerptPostId="10021" WikiPostId="10020" />
  <row Id="184" TagName="anomaly-detection" Count="249" ExcerptPostId="48505" WikiPostId="48504" />
  <row Id="185" TagName="forecast" Count="95" />
  <row Id="186" TagName="sequence" Count="95" ExcerptPostId="9053" WikiPostId="9052" />
  <row Id="191" TagName="hbase" Count="2" ExcerptPostId="48678" WikiPostId="48677" />
  <row Id="193" TagName="tableau" Count="38" />
  <row Id="194" TagName="deep-learning" Count="3613" ExcerptPostId="8956" WikiPostId="8955" />
  <row Id="195" TagName="ensemble-modeling" Count="150" ExcerptPostId="48541" WikiPostId="48540" />
  <row Id="197" TagName="infographics" Count="7" />
  <row Id="200" TagName="feature-scaling" Count="200" ExcerptPostId="21855" WikiPostId="21854" />
  <row Id="201" TagName="apache-mahout" Count="15" ExcerptPostId="48660" WikiPostId="48659" />
  <row Id="202" TagName="hive" Count="16" ExcerptPostId="48745" WikiPostId="48744" />
  <row Id="205" TagName="object-recognition" Count="58" />
  <row Id="206" TagName="hog" Count="3" />
  <row Id="207" TagName="computer-vision" Count="452" ExcerptPostId="9205" WikiPostId="9204" />
  <row Id="211" TagName="methods" Count="16" />
  <row Id="212" TagName="scoring" Count="47" />
  <row Id="213" TagName="ranking" Count="90" ExcerptPostId="9049" WikiPostId="9048" />
  <row Id="214" TagName="sports" Count="6" />
  <row Id="215" TagName="markov-process" Count="58" ExcerptPostId="8986" WikiPostId="8985" />
  <row Id="216" TagName="matlab" Count="145" ExcerptPostId="48517" WikiPostId="48516" />
  <row Id="217" TagName="simulation" Count="24" />
  <row Id="218" TagName="finance" Count="47" ExcerptPostId="48020" WikiPostId="48019" />
  <row Id="219" TagName="apache-spark" Count="224" ExcerptPostId="8971" WikiPostId="8970" />
  <row Id="220" TagName="linear-regression" Count="571" ExcerptPostId="8887" WikiPostId="8886" />
  <row Id="222" TagName="version-control" Count="10" />
  <row Id="223" TagName="convnet" Count="7" ExcerptPostId="12581" WikiPostId="12580" />
  <row Id="224" TagName="image-classification" Count="609" ExcerptPostId="51105" WikiPostId="51104" />
  <row Id="226" TagName="software-development" Count="14" />
  <row Id="227" TagName="rstudio" Count="49" ExcerptPostId="49014" WikiPostId="49013" />
  <row Id="229" TagName="programming" Count="31" />
  <row Id="232" TagName="notation" Count="13" ExcerptPostId="57306" WikiPostId="57305" />
  <row Id="233" TagName="terminology" Count="76" ExcerptPostId="9059" WikiPostId="9058" />
  <row Id="235" TagName="sas" Count="19" ExcerptPostId="9051" WikiPostId="9050" />
  <row Id="236" TagName="hyperparameter" Count="130" ExcerptPostId="21852" WikiPostId="21851" />
  <row Id="237" TagName="survival-analysis" Count="36" ExcerptPostId="9045" WikiPostId="9044" />
  <row Id="238" TagName="discriminant-analysis" Count="21" ExcerptPostId="9106" WikiPostId="9105" />
  <row Id="239" TagName="multiclass-classification" Count="385" />
  <row Id="240" TagName="books" Count="33" />
  <row Id="243" TagName="genetic-algorithms" Count="47" />
  <row Id="244" TagName="featurization" Count="5" />
  <row Id="249" TagName="decision-trees" Count="569" ExcerptPostId="16988" WikiPostId="16987" />
  <row Id="250" TagName="self-study" Count="40" />
  <row Id="251" TagName="named-entity-recognition" Count="131" />
  <row Id="254" TagName="bioinformatics" Count="23" ExcerptPostId="9098" WikiPostId="9097" />
  <row Id="255" TagName="data" Count="613" ExcerptPostId="35800" WikiPostId="35799" />
  <row Id="261" TagName="multitask-learning" Count="24" ExcerptPostId="6442" WikiPostId="6441" />
  <row Id="266" TagName="word-embeddings" Count="352" ExcerptPostId="6614" WikiPostId="6613" />
  <row Id="269" TagName="software-recommendation" Count="32" ExcerptPostId="9057" WikiPostId="9056" />
  <row Id="271" TagName="preprocessing" Count="377" ExcerptPostId="73186" WikiPostId="73185" />
  <row Id="272" TagName="multilabel-classification" Count="245" ExcerptPostId="6780" WikiPostId="6779" />
  <row Id="273" TagName="reference-request" Count="69" ExcerptPostId="9055" WikiPostId="9054" />
  <row Id="274" TagName="julia" Count="11" ExcerptPostId="12599" WikiPostId="12598" />
  <row Id="276" TagName="loss-function" Count="391" ExcerptPostId="48493" WikiPostId="48492" />
  <row Id="278" TagName="ggplot2" Count="31" ExcerptPostId="21818" WikiPostId="21817" />
  <row Id="279" TagName="normalization" Count="229" ExcerptPostId="48521" WikiPostId="48520" />
  <row Id="280" TagName="weighted-data" Count="48" />
  <row Id="281" TagName="feature-construction" Count="63" />
  <row Id="282" TagName="supervised-learning" Count="296" ExcerptPostId="9047" WikiPostId="9046" />
  <row Id="283" TagName="descriptive-statistics" Count="68" ExcerptPostId="9104" WikiPostId="9103" />
  <row Id="284" TagName="aggregation" Count="32" />
  <row Id="286" TagName="c" Count="14" />
  <row Id="287" TagName="missing-data" Count="136" ExcerptPostId="88101" WikiPostId="88100" />
  <row Id="288" TagName="markov" Count="11" />
  <row Id="289" TagName="expectation-maximization" Count="20" ExcerptPostId="9102" WikiPostId="9101" />
  <row Id="290" TagName="distance" Count="113" ExcerptPostId="12579" WikiPostId="12578" />
  <row Id="291" TagName="cosine-distance" Count="65" ExcerptPostId="48664" WikiPostId="48663" />
  <row Id="293" TagName="learning" Count="33" />
  <row Id="298" TagName="ipython" Count="50" ExcerptPostId="48858" WikiPostId="48857" />
  <row Id="299" TagName="anaconda" Count="49" ExcerptPostId="48656" WikiPostId="48655" />
  <row Id="301" TagName="numerical" Count="18" />
  <row Id="302" TagName="history" Count="5" />
  <row Id="303" TagName="outlier" Count="157" ExcerptPostId="12561" WikiPostId="12560" />
  <row Id="304" TagName="unsupervised-learning" Count="353" ExcerptPostId="9094" WikiPostId="9093" />
  <row Id="305" TagName="probability" Count="235" ExcerptPostId="73188" WikiPostId="73187" />
  <row Id="307" TagName="autoencoder" Count="277" ExcerptPostId="8674" WikiPostId="8673" />
  <row Id="310" TagName="backpropagation" Count="248" ExcerptPostId="36804" WikiPostId="36803" />
  <row Id="311" TagName="theano" Count="44" ExcerptPostId="48598" WikiPostId="48597" />
  <row Id="312" TagName="fuzzy-logic" Count="23" ExcerptPostId="57240" WikiPostId="57239" />
  <row Id="313" TagName="weka" Count="60" ExcerptPostId="18889" WikiPostId="18888" />
  <row Id="315" TagName="scraping" Count="34" ExcerptPostId="88728" WikiPostId="88727" />
  <row Id="317" TagName="xgboost" Count="536" ExcerptPostId="12577" WikiPostId="12576" />
  <row Id="319" TagName="data-wrangling" Count="43" />
  <row Id="320" TagName="data-product" Count="13" />
  <row Id="321" TagName="tensorflow" Count="1706" ExcerptPostId="9183" WikiPostId="9182" />
  <row Id="322" TagName="excel" Count="61" ExcerptPostId="88040" WikiPostId="88039" />
  <row Id="323" TagName="semi-supervised-learning" Count="41" ExcerptPostId="63634" WikiPostId="63633" />
  <row Id="324" TagName="keras" Count="2260" ExcerptPostId="9251" WikiPostId="9250" />
  <row Id="325" TagName="azure-ml" Count="46" ExcerptPostId="9253" WikiPostId="9252" />
  <row Id="327" TagName="machine-translation" Count="66" />
  <row Id="328" TagName="data-imputation" Count="80" ExcerptPostId="43035" WikiPostId="43034" />
  <row Id="329" TagName="gensim" Count="82" ExcerptPostId="10237" WikiPostId="10236" />
  <row Id="330" TagName="lsi" Count="7" />
  <row Id="331" TagName="model-selection" Count="190" ExcerptPostId="43582" WikiPostId="43581" />
  <row Id="332" TagName="feature-engineering" Count="458" ExcerptPostId="25556" WikiPostId="25555" />
  <row Id="333" TagName="hinge-loss" Count="8" ExcerptPostId="9986" WikiPostId="9985" />
  <row Id="334" TagName="stata" Count="6" ExcerptPostId="89007" WikiPostId="89006" />
  <row Id="335" TagName="text" Count="127" ExcerptPostId="88479" WikiPostId="88478" />
  <row Id="337" TagName="json" Count="30" />
  <row Id="340" TagName="reinforcement-learning" Count="484" ExcerptPostId="9674" WikiPostId="9673" />
  <row Id="341" TagName="q-learning" Count="113" ExcerptPostId="9676" WikiPostId="9675" />
  <row Id="342" TagName="google-prediction-api" Count="9" />
  <row Id="344" TagName="ab-test" Count="40" ExcerptPostId="48409" WikiPostId="48408" />
  <row Id="345" TagName="nltk" Count="121" ExcerptPostId="10023" WikiPostId="10022" />
  <row Id="346" TagName="apache-kafka" Count="4" ExcerptPostId="48658" WikiPostId="48657" />
  <row Id="347" TagName="pybrain" Count="3" ExcerptPostId="48951" WikiPostId="48950" />
  <row Id="348" TagName="word2vec" Count="288" ExcerptPostId="12733" WikiPostId="12732" />
  <row Id="351" TagName="convergence" Count="31" />
  <row Id="352" TagName="pgm" Count="5" ExcerptPostId="9830" WikiPostId="9829" />
  <row Id="354" TagName="parameter-estimation" Count="38" />
  <row Id="356" TagName="bayesian-networks" Count="48" />
  <row Id="358" TagName="orange" Count="187" ExcerptPostId="9921" WikiPostId="9920" />
  <row Id="359" TagName="churn" Count="33" />
  <row Id="360" TagName="naive-bayes-classifier" Count="165" ExcerptPostId="9984" WikiPostId="9983" />
  <row Id="361" TagName="image-recognition" Count="222" ExcerptPostId="10017" WikiPostId="10016" />
  <row Id="362" TagName="market-basket-analysis" Count="20" ExcerptPostId="48866" WikiPostId="48865" />
  <row Id="363" TagName="association-rules" Count="61" />
  <row Id="364" TagName="audio-recognition" Count="83" />
  <row Id="365" TagName="rbm" Count="29" ExcerptPostId="10129" WikiPostId="10128" />
  <row Id="366" TagName="interpolation" Count="18" ExcerptPostId="10137" WikiPostId="10136" />
  <row Id="367" TagName="recommender-system" Count="371" ExcerptPostId="25261" WikiPostId="25260" />
  <row Id="368" TagName="regularization" Count="136" ExcerptPostId="48959" WikiPostId="48958" />
  <row Id="370" TagName="dbscan" Count="57" ExcerptPostId="48666" WikiPostId="48665" />
  <row Id="372" TagName="pca" Count="265" ExcerptPostId="23174" WikiPostId="23173" />
  <row Id="373" TagName="randomized-algorithms" Count="19" />
  <row Id="374" TagName="rnn" Count="497" ExcerptPostId="10591" WikiPostId="10590" />
  <row Id="376" TagName="labels" Count="77" />
  <row Id="377" TagName="tsne" Count="48" ExcerptPostId="23176" WikiPostId="23175" />
  <row Id="378" TagName="manifold" Count="8" />
  <row Id="380" TagName="stanford-nlp" Count="48" ExcerptPostId="10929" WikiPostId="10928" />
  <row Id="382" TagName="dropout" Count="59" ExcerptPostId="48856" WikiPostId="48855" />
  <row Id="383" TagName="training" Count="459" />
  <row Id="386" TagName="amazon-ml" Count="9" />
  <row Id="388" TagName="geospatial" Count="65" ExcerptPostId="11343" WikiPostId="11342" />
  <row Id="389" TagName="sequential-pattern-mining" Count="46" />
  <row Id="393" TagName="gpu" Count="138" />
  <row Id="395" TagName="jaccard-coefficient" Count="14" ExcerptPostId="48811" WikiPostId="48810" />
  <row Id="396" TagName="pyspark" Count="106" ExcerptPostId="48580" WikiPostId="48579" />
  <row Id="397" TagName="jupyter" Count="113" ExcerptPostId="48813" WikiPostId="48812" />
  <row Id="398" TagName="sentiment-analysis" Count="161" ExcerptPostId="48578" WikiPostId="48577" />
  <row Id="400" TagName="torch" Count="15" />
  <row Id="401" TagName="competitions" Count="7" />
  <row Id="402" TagName="overfitting" Count="245" ExcerptPostId="48509" WikiPostId="48508" />
  <row Id="403" TagName="powerbi" Count="22" ExcerptPostId="48949" WikiPostId="48948" />
  <row Id="407" TagName="prediction" Count="345" />
  <row Id="409" TagName="score" Count="27" />
  <row Id="410" TagName="encoding" Count="120" ExcerptPostId="88099" WikiPostId="88098" />
  <row Id="411" TagName="spss" Count="5" ExcerptPostId="49046" WikiPostId="49045" />
  <row Id="412" TagName="gaussian" Count="67" ExcerptPostId="88320" WikiPostId="88319" />
  <row Id="415" TagName="mutual-information" Count="14" ExcerptPostId="48868" WikiPostId="48867" />
  <row Id="416" TagName="bayesian" Count="91" />
  <row Id="422" TagName="etl" Count="10" />
  <row Id="427" TagName="graphical-model" Count="26" />
  <row Id="434" TagName="domain-adaptation" Count="11" />
  <row Id="437" TagName="methodology" Count="30" />
  <row Id="438" TagName="theory" Count="39" ExcerptPostId="88732" WikiPostId="88731" />
  <row Id="442" TagName="distribution" Count="128" />
  <row Id="443" TagName="text-generation" Count="45" />
  <row Id="444" TagName="estimators" Count="17" />
  <row Id="445" TagName="information-theory" Count="30" ExcerptPostId="57262" WikiPostId="57261" />
  <row Id="450" TagName="cost-function" Count="62" />
  <row Id="452" TagName="data-augmentation" Count="83" />
  <row Id="457" TagName="inception" Count="43" />
  <row Id="458" TagName="caffe" Count="15" ExcerptPostId="48662" WikiPostId="48661" />
  <row Id="459" TagName="redshift" Count="5" ExcerptPostId="17602" WikiPostId="17601" />
  <row Id="461" TagName="text-filter" Count="9" />
  <row Id="464" TagName="management" Count="10" />
  <row Id="465" TagName="variance" Count="85" />
  <row Id="466" TagName="regex" Count="30" ExcerptPostId="48957" WikiPostId="48956" />
  <row Id="467" TagName="noisification" Count="3" />
  <row Id="468" TagName="privacy" Count="9" />
  <row Id="470" TagName="vc-theory" Count="16" />
  <row Id="471" TagName="search-engine" Count="18" />
  <row Id="473" TagName="community" Count="5" />
  <row Id="474" TagName="monte-carlo" Count="23" />
  <row Id="476" TagName="pytorch" Count="376" ExcerptPostId="16990" WikiPostId="16989" />
  <row Id="478" TagName="dirichlet" Count="6" ExcerptPostId="48793" WikiPostId="48792" />
  <row Id="480" TagName="plotting" Count="114" />
  <row Id="481" TagName="matrix-factorisation" Count="50" ExcerptPostId="48818" WikiPostId="48817" />
  <row Id="482" TagName="convolution" Count="275" ExcerptPostId="49288" WikiPostId="49287" />
  <row Id="483" TagName="active-learning" Count="18" />
  <row Id="484" TagName="tokenization" Count="32" />
  <row Id="485" TagName="linux" Count="12" />
  <row Id="486" TagName="data-leakage" Count="33" />
  <row Id="487" TagName="gan" Count="188" ExcerptPostId="24887" WikiPostId="24886" />
  <row Id="488" TagName="rattle" Count="3" ExcerptPostId="17451" WikiPostId="17450" />
  <row Id="491" TagName="embeddings" Count="120" />
  <row Id="499" TagName="ocr" Count="60" ExcerptPostId="25247" WikiPostId="25246" />
  <row Id="502" TagName="linear-algebra" Count="69" ExcerptPostId="48860" WikiPostId="48859" />
  <row Id="504" TagName="similar-documents" Count="49" />
  <row Id="505" TagName="representation" Count="31" />
  <row Id="510" TagName="lda-classifier" Count="7" />
  <row Id="511" TagName="perceptron" Count="76" ExcerptPostId="48897" WikiPostId="48896" />
  <row Id="512" TagName="automatic-summarization" Count="26" />
  <row Id="513" TagName="nvidia" Count="15" />
  <row Id="514" TagName="alex-net" Count="12" />
  <row Id="519" TagName="smote" Count="76" ExcerptPostId="49042" WikiPostId="49041" />
  <row Id="520" TagName="class-imbalance" Count="394" ExcerptPostId="82475" WikiPostId="82474" />
  <row Id="521" TagName="dataframe" Count="244" ExcerptPostId="48519" WikiPostId="48518" />
  <row Id="522" TagName="classifier" Count="53" />
  <row Id="524" TagName="vector-space-models" Count="28" />
  <row Id="527" TagName="lstm" Count="922" ExcerptPostId="25536" WikiPostId="25535" />
  <row Id="528" TagName="forecasting" Count="200" />
  <row Id="530" TagName="mnist" Count="68" ExcerptPostId="25538" WikiPostId="25537" />
  <row Id="532" TagName="tfidf" Count="93" />
  <row Id="533" TagName="learning-rate" Count="32" />
  <row Id="534" TagName="twitter" Count="18" />
  <row Id="535" TagName="cloud" Count="11" />
  <row Id="537" TagName="batch-normalization" Count="50" ExcerptPostId="22487" WikiPostId="22486" />
  <row Id="538" TagName="word" Count="8" />
  <row Id="539" TagName="generative-models" Count="115" ExcerptPostId="56541" WikiPostId="56540" />
  <row Id="550" TagName="game" Count="14" ExcerptPostId="23308" WikiPostId="23307" />
  <row Id="552" TagName="ngrams" Count="22" />
  <row Id="554" TagName="meta-learning" Count="12" />
  <row Id="555" TagName="ensemble" Count="28" />
  <row Id="556" TagName="pac-learning" Count="13" ExcerptPostId="24318" WikiPostId="24317" />
  <row Id="557" TagName="cnn" Count="1090" ExcerptPostId="28890" WikiPostId="28889" />
  <row Id="558" TagName="tranformation" Count="4" />
  <row Id="559" TagName="seaborn" Count="77" ExcerptPostId="49020" WikiPostId="49019" />
  <row Id="560" TagName="historgram" Count="20" ExcerptPostId="48807" WikiPostId="48806" />
  <row Id="561" TagName="counts" Count="10" />
  <row Id="562" TagName="numpy" Count="277" ExcerptPostId="48507" WikiPostId="48506" />
  <row Id="564" TagName="activation-function" Count="122" ExcerptPostId="48617" WikiPostId="48616" />
  <row Id="565" TagName="cloud-computing" Count="20" />
  <row Id="566" TagName="homework" Count="11" />
  <row Id="567" TagName="keras-rl" Count="10" ExcerptPostId="24515" WikiPostId="24514" />
  <row Id="568" TagName="openai-gym" Count="35" />
  <row Id="569" TagName="dqn" Count="70" />
  <row Id="570" TagName="mini-batch-gradient-descent" Count="51" />
  <row Id="571" TagName="neural-style-transfer" Count="13" />
  <row Id="572" TagName="noise" Count="25" />
  <row Id="575" TagName="yolo" Count="60" />
  <row Id="576" TagName="ibm-watson" Count="2" ExcerptPostId="48809" WikiPostId="48808" />
  <row Id="577" TagName="speech-to-text" Count="37" ExcerptPostId="49044" WikiPostId="49043" />
  <row Id="580" TagName="matplotlib" Count="163" ExcerptPostId="48596" WikiPostId="48595" />
  <row Id="581" TagName="tflearn" Count="10" />
  <row Id="582" TagName="learning-to-rank" Count="19" />
  <row Id="583" TagName="anomaly" Count="10" />
  <row Id="584" TagName="actor-critic" Count="23" ExcerptPostId="58477" WikiPostId="58476" />
  <row Id="585" TagName="grid-search" Count="85" ExcerptPostId="48676" WikiPostId="48675" />
  <row Id="586" TagName="hyperparameter-tuning" Count="166" />
  <row Id="587" TagName="bayes-error" Count="8" ExcerptPostId="35927" WikiPostId="35926" />
  <row Id="588" TagName="transfer-learning" Count="135" ExcerptPostId="26090" WikiPostId="26089" />
  <row Id="591" TagName="kernel" Count="76" ExcerptPostId="43586" WikiPostId="43585" />
  <row Id="593" TagName="reshape" Count="24" />
  <row Id="594" TagName="project-planning" Count="12" />
  <row Id="596" TagName="scipy" Count="65" ExcerptPostId="49018" WikiPostId="49017" />
  <row Id="598" TagName="bias" Count="60" />
  <row Id="599" TagName="markov-hidden-model" Count="29" ExcerptPostId="48816" WikiPostId="48815" />
  <row Id="600" TagName="math" Count="86" />
  <row Id="601" TagName="recurrent-neural-net" Count="193" />
  <row Id="602" TagName="sequence-to-sequence" Count="83" />
  <row Id="603" TagName="natural-language-process" Count="266" ExcerptPostId="30094" WikiPostId="30093" />
  <row Id="605" TagName="svr" Count="14" />
  <row Id="606" TagName="vgg16" Count="35" ExcerptPostId="88730" WikiPostId="88729" />
  <row Id="607" TagName="object-detection" Count="251" ExcerptPostId="57308" WikiPostId="57307" />
  <row Id="608" TagName="automation" Count="6" />
  <row Id="609" TagName="glorot-initialization" Count="2" />
  <row Id="610" TagName="faster-rcnn" Count="43" />
  <row Id="611" TagName="ensemble-learning" Count="36" />
  <row Id="612" TagName="k-nn" Count="133" ExcerptPostId="43051" WikiPostId="43050" />
  <row Id="613" TagName="hardware" Count="26" />
  <row Id="614" TagName="ai" Count="54" />
  <row Id="617" TagName="colab" Count="45" ExcerptPostId="88103" WikiPostId="88102" />
  <row Id="618" TagName="data-science-model" Count="391" />
  <row Id="619" TagName="machine-learning-model" Count="483" />
  <row Id="621" TagName="mlp" Count="75" ExcerptPostId="63784" WikiPostId="63783" />
  <row Id="623" TagName="annotation" Count="24" />
  <row Id="624" TagName="normal-equation" Count="7" />
  <row Id="627" TagName="metric" Count="162" ExcerptPostId="88477" WikiPostId="88476" />
  <row Id="628" TagName="data-analysis" Count="168" />
  <row Id="629" TagName="self-driving" Count="7" ExcerptPostId="88037" WikiPostId="88036" />
  <row Id="630" TagName="generalization" Count="28" />
  <row Id="631" TagName="boosting" Count="105" />
  <row Id="632" TagName="objective-function" Count="17" />
  <row Id="633" TagName="predictor-importance" Count="28" />
  <row Id="634" TagName="momentum" Count="5" />
  <row Id="637" TagName="weight-initialization" Count="29" />
  <row Id="640" TagName="dplyr" Count="15" ExcerptPostId="48795" WikiPostId="48794" />
  <row Id="641" TagName="epochs" Count="31" />
  <row Id="644" TagName="cs231n" Count="4" ExcerptPostId="88305" WikiPostId="88304" />
  <row Id="645" TagName="gridsearchcv" Count="62" />
  <row Id="646" TagName="sensors" Count="7" />
  <row Id="651" TagName="mcmc" Count="4" ExcerptPostId="48820" WikiPostId="48819" />
  <row Id="652" TagName="probabilistic-programming" Count="12" />
  <row Id="656" TagName="policy-gradients" Count="53" />
  <row Id="660" TagName="stacked-lstm" Count="16" />
  <row Id="662" TagName="ndcg" Count="9" />
  <row Id="663" TagName="fastai" Count="8" ExcerptPostId="48804" WikiPostId="48803" />
  <row Id="664" TagName="pipelines" Count="62" ExcerptPostId="48899" WikiPostId="48898" />
  <row Id="667" TagName="nlg" Count="8" ExcerptPostId="36831" WikiPostId="36830" />
  <row Id="669" TagName="heatmap" Count="20" ExcerptPostId="48743" WikiPostId="48742" />
  <row Id="670" TagName="deep-network" Count="60" />
  <row Id="671" TagName="collinearity" Count="22" />
  <row Id="673" TagName="matrix" Count="53" ExcerptPostId="39146" WikiPostId="39145" />
  <row Id="674" TagName="spatial-transformer" Count="3" />
  <row Id="675" TagName="evolutionary-algorithms" Count="12" />
  <row Id="677" TagName="opencv" Count="81" ExcerptPostId="48895" WikiPostId="48894" />
  <row Id="678" TagName="feature-reduction" Count="9" />
  <row Id="680" TagName="activity-recognition" Count="4" />
  <row Id="682" TagName="orange3" Count="80" ExcerptPostId="86848" WikiPostId="86847" />
  <row Id="686" TagName="features" Count="62" />
  <row Id="687" TagName="genetic-programming" Count="7" ExcerptPostId="85280" WikiPostId="85279" />
  <row Id="690" TagName="attention-mechanism" Count="73" />
  <row Id="693" TagName="rbf" Count="9" ExcerptPostId="43049" WikiPostId="43048" />
  <row Id="696" TagName="neural" Count="19" />
  <row Id="700" TagName="implementation" Count="60" />
  <row Id="701" TagName="code" Count="11" />
  <row Id="704" TagName="image-size" Count="6" />
  <row Id="707" TagName="imbalanced-learn" Count="41" ExcerptPostId="88261" WikiPostId="88260" />
  <row Id="708" TagName="smotenc" Count="7" />
  <row Id="709" TagName="image-preprocessing" Count="122" />
  <row Id="711" TagName="deepmind" Count="8" />
  <row Id="712" TagName="wolfram-language" Count="4" ExcerptPostId="45101" WikiPostId="45100" />
  <row Id="713" TagName="chatbot" Count="12" />
  <row Id="716" TagName="finite-precision" Count="5" />
  <row Id="717" TagName="h2o" Count="10" ExcerptPostId="45591" WikiPostId="45590" />
  <row Id="718" TagName="dynamic-programming" Count="6" />
  <row Id="719" TagName="ridge-regression" Count="19" ExcerptPostId="48961" WikiPostId="48960" />
  <row Id="720" TagName="image" Count="53" />
  <row Id="721" TagName="discounted-reward" Count="7" />
  <row Id="723" TagName="difference" Count="11" />
  <row Id="724" TagName="3d-reconstruction" Count="9" />
  <row Id="725" TagName="sagemaker" Count="12" ExcerptPostId="48614" WikiPostId="48613" />
  <row Id="728" TagName="transformer" Count="147" ExcerptPostId="54047" WikiPostId="54046" />
  <row Id="729" TagName="gmm" Count="7" ExcerptPostId="48407" WikiPostId="48406" />
  <row Id="730" TagName="bert" Count="180" ExcerptPostId="48405" WikiPostId="48404" />
  <row Id="731" TagName="dummy-variables" Count="31" />
  <row Id="732" TagName="pip" Count="11" ExcerptPostId="47323" WikiPostId="47322" />
  <row Id="734" TagName="aws-lambda" Count="3" ExcerptPostId="48791" WikiPostId="48790" />
  <row Id="735" TagName="serialisation" Count="4" />
  <row Id="737" TagName="density-estimation" Count="11" ExcerptPostId="48148" WikiPostId="48147" />
  <row Id="738" TagName="mathematics" Count="54" ExcerptPostId="88263" WikiPostId="88262" />
  <row Id="739" TagName="finetuning" Count="16" />
  <row Id="741" TagName="vae" Count="31" />
  <row Id="743" TagName="web-scraping" Count="22" />
  <row Id="744" TagName="mean-shift" Count="2" />
  <row Id="745" TagName="structured-data" Count="6" />
  <row Id="746" TagName="fuzzy-classification" Count="2" />
  <row Id="747" TagName="probability-calibration" Count="31" />
  <row Id="754" TagName="gaussian-process" Count="20" />
  <row Id="755" TagName="inceptionresnetv2" Count="11" />
  <row Id="756" TagName="explainable-ai" Count="44" ExcerptPostId="52018" WikiPostId="52017" />
  <row Id="757" TagName="softmax" Count="36" />
  <row Id="759" TagName="coursera" Count="9" />
  <row Id="763" TagName="manhattan" Count="3" ExcerptPostId="89005" WikiPostId="89004" />
  <row Id="764" TagName="mse" Count="23" ExcerptPostId="57264" WikiPostId="57263" />
  <row Id="767" TagName="lasso" Count="23" ExcerptPostId="53644" WikiPostId="53643" />
  <row Id="769" TagName="lightgbm" Count="49" />
  <row Id="770" TagName="pooling" Count="11" />
  <row Id="772" TagName="one-shot-learning" Count="6" />
  <row Id="774" TagName="feature-map" Count="2" />
  <row Id="775" TagName="movielens" Count="4" />
  <row Id="776" TagName="knime" Count="3" ExcerptPostId="57219" WikiPostId="57218" />
  <row Id="779" TagName="spacy" Count="44" ExcerptPostId="57215" WikiPostId="57214" />
  <row Id="780" TagName="allennlp" Count="2" ExcerptPostId="57217" WikiPostId="57216" />
  <row Id="783" TagName="tesseract" Count="3" />
  <row Id="786" TagName="pytorch-geometric" Count="8" />
  <row Id="788" TagName="stemming" Count="4" ExcerptPostId="57670" WikiPostId="57669" />
  <row Id="789" TagName="pickle" Count="14" ExcerptPostId="57668" WikiPostId="57667" />
  <row Id="790" TagName="multi-instance-learning" Count="4" />
  <row Id="791" TagName="arima" Count="32" />
  <row Id="795" TagName="causalimpact" Count="9" />
  <row Id="799" TagName="automl" Count="11" />
  <row Id="801" TagName="question-answering" Count="20" />
  <row Id="802" TagName="doc2vec" Count="15" />
  <row Id="806" TagName="networkx" Count="5" />
  <row Id="808" TagName="time" Count="15" />
  <row Id="811" TagName="sparsity" Count="4" />
  <row Id="813" TagName="multi-output" Count="23" />
  <row Id="814" TagName="corpus" Count="11" />
  <row Id="816" TagName="wikipedia" Count="5" />
  <row Id="817" TagName="siamese-networks" Count="18" />
  <row Id="818" TagName="semantic-similarity" Count="25" />
  <row Id="819" TagName="python-3.x" Count="160" />
  <row Id="820" TagName="statsmodels" Count="32" />
  <row Id="822" TagName="non-parametric" Count="12" />
  <row Id="823" TagName="bayesian-nonparametric" Count="4" />
  <row Id="826" TagName="huggingface" Count="17" />
  <row Id="827" TagName="image-segmentation" Count="64" />
  <row Id="828" TagName="adaboost" Count="22" />
  <row Id="830" TagName="rmse" Count="11" />
  <row Id="831" TagName="anova" Count="9" />
  <row Id="833" TagName="gru" Count="21" />
  <row Id="834" TagName="openai-gpt" Count="18" />
  <row Id="836" TagName="one-hot-encoding" Count="61" />
  <row Id="838" TagName="pruning" Count="13" />
  <row Id="839" TagName="multivariate-distribution" Count="26" />
  <row Id="840" TagName="auc" Count="33" />
  <row Id="841" TagName="ann" Count="12" />
  <row Id="846" TagName="least-squares-svm" Count="2" />
  <row Id="847" TagName="categorical-encoding" Count="49" />
  <row Id="851" TagName="groupby" Count="17" ExcerptPostId="64293" WikiPostId="64292" />
  <row Id="852" TagName="c++" Count="4" />
  <row Id="853" TagName="pearsons-correlation-coefficient" Count="14" />
  <row Id="854" TagName="spearmans-rank-correlation" Count="7" />
  <row Id="855" TagName="kendalls-tau-coefficient" Count="4" />
  <row Id="856" TagName="predict" Count="13" />
  <row Id="859" TagName="google-cloud" Count="13" />
  <row Id="860" TagName="spyder" Count="8" ExcerptPostId="89009" WikiPostId="89008" />
  <row Id="863" TagName="pattern-recognition" Count="23" />
  <row Id="864" TagName="text-classification" Count="129" />
  <row Id="865" TagName="3d-object-detection" Count="3" />
  <row Id="867" TagName="encoder" Count="10" />
  <row Id="869" TagName="linearly-separable" Count="7" />
  <row Id="870" TagName="data-engineering" Count="13" />
  <row Id="871" TagName="metaheuristics" Count="3" />
  <row Id="874" TagName="spectral-clustering" Count="7" />
  <row Id="876" TagName="sparse" Count="13" />
  <row Id="877" TagName="f1score" Count="30" />
  <row Id="879" TagName="natural-gradient-boosting" Count="12" />
  <row Id="880" TagName="ngboost" Count="3" />
  <row Id="881" TagName="linear-programming" Count="2" ExcerptPostId="89087" WikiPostId="89086" />
  <row Id="882" TagName="cart" Count="7" />
  <row Id="883" TagName="structural-equation-modelling" Count="5" />
  <row Id="884" TagName="exploratory-factor-analysis" Count="6" />
  <row Id="886" TagName="information-extraction" Count="13" />
  <row Id="887" TagName="mlflow" Count="3" />
  <row Id="888" TagName="shap" Count="19" />
  <row Id="890" TagName="hashingvectorizer" Count="4" />
  <row Id="891" TagName="naive-bayes-algorithim" Count="7" />
  <row Id="895" TagName="bokeh" Count="2" />
  <row Id="896" TagName="plotly" Count="8" />
  <row Id="901" TagName="mxnet" Count="3" />
  <row Id="903" TagName="tpu" Count="1" ExcerptPostId="68109" WikiPostId="68108" />
  <row Id="904" TagName="cuda" Count="9" />
  <row Id="905" TagName="isolation-forest" Count="9" />
  <row Id="907" TagName="infere" Count="4" />
  <row Id="908" TagName="interpretation" Count="30" />
  <row Id="909" TagName="elastic-net" Count="7" />
  <row Id="913" TagName="functional-api" Count="4" />
  <row Id="914" TagName="bagging" Count="13" />
  <row Id="916" TagName="chi-square-test" Count="9" />
  <row Id="918" TagName="target-encoding" Count="7" />
  <row Id="920" TagName="bootstraping" Count="9" />
  <row Id="922" TagName="confidence" Count="12" />
  <row Id="924" TagName="labelling" Count="13" />
  <row Id="926" TagName="gradient" Count="20" />
  <row Id="927" TagName="graphviz" Count="2" />
  <row Id="928" TagName="esl" Count="4" />
  <row Id="930" TagName="crisp-dm" Count="3" />
  <row Id="931" TagName="gnn" Count="2" />
  <row Id="932" TagName="graph-neural-network" Count="23" />
  <row Id="933" TagName="knowledge-graph" Count="7" />
  <row Id="934" TagName="early-stopping" Count="7" />
  <row Id="935" TagName="estimation" Count="6" />
  <row Id="938" TagName="fasttext" Count="8" />
  <row Id="942" TagName="lime" Count="4" ExcerptPostId="82667" WikiPostId="82666" />
  <row Id="943" TagName="derivation" Count="12" />
  <row Id="947" TagName="field-aware-factorization-machines" Count="2" />
  <row Id="948" TagName="hashing-trick" Count="5" />
  <row Id="952" TagName="roc" Count="18" />
  <row Id="953" TagName="windows" Count="10" />
  <row Id="955" TagName="document-term-matrix" Count="3" />
  <row Id="956" TagName="bag-of-words" Count="12" />
  <row Id="957" TagName="imbalance" Count="8" />
  <row Id="958" TagName="api" Count="8" />
  <row Id="959" TagName="permutation-test" Count="2" />
  <row Id="960" TagName="hypothesis-testing" Count="16" />
  <row Id="961" TagName="semantic-segmentation" Count="14" />
  <row Id="962" TagName="backbone-network" Count="2" />
  <row Id="963" TagName="context-vector" Count="2" />
  <row Id="965" TagName="grammar-inference" Count="3" />
  <row Id="966" TagName="bart" Count="2" />
  <row Id="967" TagName="pretraining" Count="15" />
  <row Id="971" TagName="catboost" Count="11" />
  <row Id="972" TagName="boruta" Count="2" />
  <row Id="973" TagName="poisson" Count="4" ExcerptPostId="88266" WikiPostId="88265" />
  <row Id="974" TagName="google-data-studio" Count="6" ExcerptPostId="80763" WikiPostId="80762" />
  <row Id="975" TagName="google-bigquery" Count="4" ExcerptPostId="80765" WikiPostId="80764" />
  <row Id="976" TagName="google-cloud-platform" Count="5" ExcerptPostId="80768" WikiPostId="80767" />
  <row Id="977" TagName="generlized-advantaged-estimation" Count="2" />
  <row Id="978" TagName="document-understanding" Count="5" />
  <row Id="979" TagName="cause-and-effect" Count="2" />
  <row Id="980" TagName="loss" Count="10" />
  <row Id="984" TagName="principal-axis" Count="1" />
  <row Id="985" TagName="stacking" Count="5" />
  <row Id="987" TagName="normal" Count="2" />
  <row Id="988" TagName="mean" Count="3" />
  <row Id="990" TagName="rfe" Count="4" />
  <row Id="994" TagName="sgd" Count="7" ExcerptPostId="88154" WikiPostId="88153" />
  <row Id="995" TagName="rmsprop" Count="1" />
  <row Id="997" TagName="federated-learning" Count="2" ExcerptPostId="89089" WikiPostId="89088" />
  <row Id="998" TagName="concept-drift" Count="2" />
  <row Id="999" TagName="validation" Count="15" />
  <row Id="1001" TagName="surrogate" Count="1" />
  <row Id="1002" TagName="mlops" Count="2" />
  <row Id="1005" TagName="baum-welch" Count="1" />
  <row Id="1006" TagName="goodness-of-fit" Count="1" />
  <row Id="1007" TagName="r-squared" Count="2" ExcerptPostId="89092" WikiPostId="89091" />
  <row Id="1008" TagName="partial-least-squares" Count="6" ExcerptPostId="88023" WikiPostId="88022" />
  <row Id="1010" TagName="entity-linking" Count="1" />
  <row Id="1011" TagName="dynamic-time-warping" Count="5" />
  <row Id="1015" TagName="object-detection-api" Count="1" />
  <row Id="1016" TagName="linear-models" Count="1" />
  <row Id="1018" TagName="dsx" Count="1" />
  <row Id="1019" TagName="annoy" Count="1" />
  <row Id="1021" TagName="pasting" Count="2" />
  <row Id="1022" TagName="time-complexity" Count="1" />
  <row Id="1023" TagName="memory" Count="2" />
  <row Id="1024" TagName="igpu" Count="1" />
  <row Id="1025" TagName="levene" Count="1" />
  <row Id="1026" TagName="pvalue" Count="2" />
  <row Id="1027" TagName="data-table" Count="14" />
  <row Id="1028" TagName="logarithmic" Count="2" />
  <row Id="1029" TagName="wasserstein" Count="1" />
  <row Id="1030" TagName="cyclegan" Count="1" />
  <row Id="1032" TagName="masking" Count="1" />
  <row Id="1033" TagName="transformation" Count="2" />
  <row Id="1034" TagName="helmert-coding" Count="1" ExcerptPostId="89982" WikiPostId="89981" />
  <row Id="1035" TagName="james-stein-encoder" Count="1" />
  <row Id="1036" TagName="gradient-boosting-decision-trees" Count="1" />
  <row Id="1037" TagName="truncation-decision-trees" Count="1" />
  <row Id="1038" TagName="partial-dependence-plot" Count="1" ExcerptPostId="89832" WikiPostId="89831" />
  <row Id="1039" TagName="audio-separation" Count="1" />
  <row Id="1040" TagName="convolutional-neural-network" Count="478" />
  <row Id="1043" TagName="model-serialization" Count="1" />
  <row Id="1046" TagName="agglomerative" Count="1" />
  <row Id="1047" TagName="two-step" Count="1" />
  <row Id="1048" TagName="tensorboard" Count="1" ExcerptPostId="89980" WikiPostId="89979" />
  <row Id="1049" TagName="adversarial-ml" Count="1" />
  <row Id="1050" TagName="intuition" Count="1" ExcerptPostId="89978" WikiPostId="89977" />
</tags>